﻿<?xml version="1.0" encoding="utf-8"?>
<customization_form>
  <category name="system">
    <module name="locale">
      <function>
        <set name="single">
          <item name="total_list">cs_CZ;de_DE;en_AU;en_GB;en_SG;en_US;es_US;fr;it;ja;nl_NL;pl;ru;zh_CN;zh_TW;</item>
          <item name="cs_CZ" type="boolean">yes</item>
	  <item name="de_DE" type="boolean">yes</item>
	  <item name="en_AU" type="boolean">yes</item>
	  <item name="en_GB" type="boolean">yes</item>
	  <item name="en_SG" type="boolean">yes</item>
	  <item name="en_US" type="boolean">yes</item>
	  <item name="es_US" type="boolean">yes</item>
	  <item name="fr" type="boolean">yes</item>
	  <item name="it" type="boolean">yes</item>
	  <item name="ja" type="boolean">yes</item>
	  <item name="nl_NL" type="boolean">yes</item>
	  <item name="pl" type="boolean">yes</item>
	  <item name="ru" type="boolean">yes</item>
	  <item name="zh_CN" type="boolean">yes</item>
	  <item name="zh_TW" type="boolean">yes</item>
	  <item name="defeault" >en_US</item>
        </set>
      </function>
    </module>
    <module name="Settings">
      <function name="screen_timeout">
        <set name="plenty">
          <item name="value1">15000</item>
          <item name="value2">30000</item>
          <item name="value3">45000</item>
          <item name="value4">60000</item>
          <item name="value5">120000</item>
          <item name="value6">600000</item>
          <item name="value7">-1</item>
        </set>
      </function>
      <function name="power_saver_screen_timeout">
        <set name="plenty">
          <item name="value1">15000</item>
          <item name="value2">30000</item>
          <item name="value3">45000</item>
          <item name="value4">60000</item>
          <item name="value5">120000</item>
        </set>
      </function>
    </module>
    <module name="defaultTime1224">
      <function>
        <set name="single">
          <item name="default">12</item>
        </set>
      </function>
    </module>
    <module name="InputMethod">
      <function name="IME_language_set">
        <set name="single">
          <item type="boolean" name="English">yes</item>
        </set>
      </function>
      <function name="IME_sip_set">
        <set name="single">
          <item name="total_list">Handwriting;ZuhYin;CangJie;PinYin;Stroke;</item>
          <item type="boolean" name="Handwriting">yes</item>
          <item type="boolean" name="ZuhYin">no</item>
          <item type="boolean" name="CangJie">no</item>
          <item type="boolean" name="PinYin">yes</item>
          <item type="boolean" name="Stroke">yes</item>
        </set>
      </function>
    </module>
    <module name="deviceData">
      <function>
        <set name="single">
          <item name="device_name">HTC Hero</item>
        </set>
      </function>
    </module>
    <module name="deviceData1">
      <function>
        <set name="single">
          <item name="sw_number">Zero Hero Sense 3.5</item>
        </set>
      </function>
    </module>
  </category>
  <category name="application">
    <module name="Crash_Report">
      <function name="setting">
        <set name="single">
          <item name="turn_off_report" type="boolean">yes</item>
        </set>
      </function>
    </module>
    <module name="OOBE">
      <function name="Step_Config">
        <set name="single">
          <item name="Sync_Data" type="boolean">yes</item>
          <item name="Location_Consent" type="boolean">no</item>
        </set>
      </function>
    </module>
  </category>
  <BootConfiguration>
    <BootAnimation animation="/system/customize/resource/hTC_bootanimation.zip" audio="/system/customize/resource/android_audio.mp3" />
  </BootConfiguration>
  <ShutdownConfiguration>
    <ShutdownAnimation image_png="/system/customize/resource/hTC_downanimation.zip" image="" fps="15" />
  </ShutdownConfiguration>
  <category name="SettingsProvider">
    <module name="res">
      <function name="values">
        <set name="single">
          <item name="def_install_non_market_apps">1</item>
        </set>
      </function>
    </module>
  </category>
</customization_form>
